<?xml version="1.0" encoding="UTF-8"?>
<project-private xmlns="http://www.netbeans.org/ns/project-private/1">
    <editor-bookmarks xmlns="http://www.netbeans.org/ns/editor-bookmarks/2" lastBookmarkId="0"/>
    <open-files xmlns="http://www.netbeans.org/ns/projectui-open-files/2">
        <group>
            <file>file:/C:/Users/DELL/Documents/NetBeansProjects/abstraccion/src/paises/Russia.java</file>
            <file>file:/C:/Users/DELL/Documents/NetBeansProjects/abstraccion/src/paises/Mexico.java</file>
            <file>file:/C:/Users/DELL/Documents/NetBeansProjects/abstraccion/src/paises/Honduras.java</file>
            <file>file:/C:/Users/DELL/Documents/NetBeansProjects/abstraccion/src/paises/pais.java</file>
            <file>file:/C:/Users/DELL/Documents/NetBeansProjects/abstraccion/src/abstraccion/Abstraccion.java</file>
        </group>
    </open-files>
</project-private>
