<?xml version="1.0" encoding="UTF-8"?>
<project-private xmlns="http://www.netbeans.org/ns/project-private/1">
    <editor-bookmarks xmlns="http://www.netbeans.org/ns/editor-bookmarks/2" lastBookmarkId="0"/>
    <open-files xmlns="http://www.netbeans.org/ns/projectui-open-files/2">
        <group>
            <file>file:/C:/Users/Paola%20Reyes/Desktop/tarea2%20(2)/tarea/src/tarea/circulo.java</file>
            <file>file:/C:/Users/Paola%20Reyes/Desktop/tarea2%20(2)/tarea/src/tarea/Main.java</file>
            <file>file:/C:/Users/Paola%20Reyes/Desktop/tarea2%20(2)/tarea/src/tarea/triangulo.java</file>
            <file>file:/C:/Users/Paola%20Reyes/Desktop/tarea2%20(2)/tarea/src/tarea/cuadrado.java</file>
            <file>file:/C:/Users/Paola%20Reyes/Desktop/tarea2%20(2)/tarea/src/tarea/Formas.java</file>
            <file>file:/C:/Users/Paola%20Reyes/Desktop/tarea2%20(2)/tarea/src/tarea/lineas.java</file>
            <file>file:/C:/Users/Paola%20Reyes/Desktop/tarea2%20(2)/tarea/src/tarea/color.java</file>
        </group>
    </open-files>
</project-private>
